Tito,Tunbridge
Ambrose,Phettis
Dallis,Vaan
Rosalyn,Blowne
Fairlie,Donn
Anatol,Jellis
Sukey,Goshawke
Ursula,Liddington
Merrily,Archbell
Kare,Blowne
Keith,Gouge
Townsend,Hanmer
Alfie,Frensch
Fionna,Youel
Elden,Bowers
Prissie,Lilley
Lewie,Pellant
Yoko,Earlam
Sven,Toquet
Luelle,Shone
Dale,Collman
Maryanne,Annetts
Carine,Antonchik
Quincey,Kidds
Nigel,Bulteel
Pippy,Wibrew
James,Gaskill
Benny,Brussels
Cross,Tunnock
Tarah,Fomichkin
Avrom,Collomosse
Leah,Brickett
Torr,Cane
Dinah,Jeanneau
Codee,Wederell
Erika,O' Markey
Corrinne,James
Joannes,Trenoweth
Diandra,Livoir
Russ,Liquorish
Ford,Cranstoun
Hagan,Hurry
Skip,Rosenau
Cosetta,Futcher
Dud,Hargreaves
Debora,Houseman
Adler,Pencot
Keen,Castelletti
Arlena,Clifft
Tracy,Barnwill
Dalis,Noe
Collen,Grand
Frasquito,Koenraad
Jamil,Scamerden
Quintana,Cuesta
Moyna,Boundey
Paton,Storrs
Nikoletta,Burgisi
Min,McCoid
Guillermo,Beckitt
Zelda,Gann
Leslie,Basnall
Nicko,Garroway
Katerine,Baldacchi
Marcie,Nyland
Chad,Maltman
Ferrell,Tofanelli
Ailina,Purdon
Grant,Speakman
Conny,Quinney
Marijn,Hoffman
Georgiana,Roscamps
Jdavie,Willetts
Ottilie,Durban
Carolyne,Pattingson
Jeno,Bloomfield
Dulce,Allred
Virgie,Blague
Janessa,Kinton
Filmore,Greenhow
Florance,Cotilard
Carly,Southouse
Caroljean,Jura
Tania,Bachelor
Tripp,Avory
Milt,Karlik
Reece,Gheraldi
Symon,Sibery
Florida,Klosterman
Gilbertina,Britcher
Cicily,Castagnier
Dannel,Guyan
Bertine,Pearle
Chrotoem,Jarville
Johnna,Renals
Reina,McCulloch
Michell,Reisenstein
Kristine,Pressnell
Nellie,Honack
Deck,Walcar
